{
  "MGW_total": 51.77319977236117,
  "ProT_total": 56.58856859208297,
  "Roll_total": 20.195717219405758,
  "HelT_total": 26.768314936975358,
  "PWM_total": 10.13951272842235
}