{
  "MGW_total": 18.009708259277577,
  "ProT_total": 13.053292585082488,
  "Roll_total": 19.74037357060912,
  "HelT_total": 27.32010266527669,
  "Rise_total": 14.964432182861145,
  "Shift_total": 3.5848158295036825,
  "Slide_total": 21.72774042823866,
  "Tilt_total": 5.154860093890665,
  "Buckle_total": 2.334576700078159,
  "Shear_total": 3.0113827124017973,
  "Stretch_total": 5.47880849925979,
  "Stagger_total": 8.100155179501083,
  "Opening_total": 12.845551814844415,
  "PWM_total": 10.13951272842235
}