{
  "MGW_total": 12.828149885716146,
  "ProT_total": 18.46522424349325,
  "Roll_total": 19.23909705673311,
  "HelT_total": 21.132438833660956,
  "PWM_total": 11.145449510589392
}