{
  "MGW_total": 13.13537499502787,
  "ProT_total": 18.25469618016692,
  "Roll_total": 18.925378685893243,
  "HelT_total": 21.18024026743536,
  "PWM_total": 10.51114260462988
}