{
  "MGW_total": 14.01044490245609,
  "ProT_total": 18.837585123634767,
  "Roll_total": 18.932664225078685,
  "HelT_total": 22.150951952415852,
  "PWM_total": 10.153489834317368
}
